LSOA21CD,LSOA21NM,LSOA21NMW,Index of Multiple Deprivation (IMD) Score,Index of Multiple Deprivation (IMD) Decile (where 1 is most deprived 10% of LSOAs),Income Score (rate),Income Decile (where 1 is most deprived 10% of LSOAs),Employment Score (rate),Employment Decile (where 1 is most deprived 10% of LSOAs),"Education, Skills and Training Score","Education, Skills and Training Decile (where 1 is most deprived 10% of LSOAs)",Health Deprivation and Disability Score,Health Deprivation and Disability Decile (where 1 is most deprived 10% of LSOAs),Crime Score,Crime Decile (where 1 is most deprived 10% of LSOAs),Barriers to Housing and Services Score,Barriers to Housing and Services Decile (where 1 is most deprived 10% of LSOAs),Living Environment Score,Living Environment Decile (where 1 is most deprived 10% of LSOAs),,,,,,,,,,,,,,,,,,,,,Indoors Sub-domain Decile (where 1 is most deprived 10% of LSOAs),Outdoors Sub-domain Score,Outdoors Sub-domain Rank (where 1 is most deprived),Outdoors Sub-domain Decile (where 1 is most deprived 10% of LSOAs),Total population: mid 2015 (excluding prisoners),Dependent Children aged 0-15: mid 2015 (excluding prisoners),Population aged 16-59: mid 2015 (excluding prisoners),Older population aged 60 and over: mid 2015 (excluding prisoners),Working age population 18-59/64: for use with Employment Deprivation Domain (excluding prisoners)
E01022532,Basingstoke and Deane 022A,,11.534,7,0.024,10,0.025,10,3.697,9,-1.37,10,0.07,5,33.816,2,45.834,1,,,,,,,,,,,,,,,,,,,,,2,1.039,3878,2,1343,273,725,345,735
E01022533,Basingstoke and Deane 022B,,9.799,8,0.04,9,0.033,10,6.918,8,-1.034,9,-0.292,7,34.947,2,25.479,4,,,,,,,,,,,,,,,,,,,,,4,0.26,11271,4,1760,370,985,405,1011
E01022561,Basingstoke and Deane 017D,,16.726,6,0.03,10,0.032,10,4.152,9,-1.043,9,0.137,5,51.014,1,45.388,1,,,,,,,,,,,,,,,,,,,,,1,0.216,11899,4,1465,273,808,384,825
E01022563,Basingstoke and Deane 020B,,3.913,10,0.035,10,0.025,10,2.254,10,-0.98,9,-0.924,9,19.64,6,12.509,7,,,,,,,,,,,,,,,,,,,,,6,-0.555,24260,8,1748,308,938,502,948
E01022589,East Hampshire 013B,,13.571,7,0.085,6,0.067,6,8.777,8,-0.804,9,0.259,4,23.391,4,27.127,4,,,,,,,,,,,,,,,,,,,,,4,0.632,7118,3,1911,381,1059,471,1098
E01022591,East Hampshire 007A,,11.041,8,0.032,10,0.03,10,3.13,10,-1.662,10,-0.385,7,42.268,1,32.614,3,,,,,,,,,,,,,,,,,,,,,3,0.53,8079,3,2427,363,1252,812,1279
E01022592,East Hampshire 011A,,16.593,6,0.065,7,0.055,8,6.945,8,-0.708,8,0.165,5,30.438,3,53.581,1,,,,,,,,,,,,,,,,,,,,,1,0.776,5837,2,2320,417,1188,715,1207
E01022596,East Hampshire 007E,,4.505,10,0.019,10,0.028,10,0.961,10,-1.333,10,-1.23,10,27.616,3,13.598,7,,,,,,,,,,,,,,,,,,,,,7,0.093,13800,5,1428,202,703,523,721
E01022597,East Hampshire 011B,,17.361,6,0.031,10,0.029,10,11.254,7,-1.822,10,-0.795,9,45.137,1,64.862,1,,,,,,,,,,,,,,,,,,,,,1,0.44,9023,3,2918,653,1585,680,1441
E01022606,East Hampshire 014A,,4.623,10,0.036,9,0.029,10,5.269,9,-1.221,10,-0.493,8,21.991,5,8.361,8,,,,,,,,,,,,,,,,,,,,,9,-0.019,15618,5,2345,382,1281,682,1307
E01022627,East Hampshire 007F,,12.778,7,0.044,9,0.027,10,3.525,9,-1.734,10,-0.822,9,36.932,1,52.852,1,,,,,,,,,,,,,,,,,,,,,1,0.54,7991,3,2209,357,1175,677,1187
E01022647,Eastleigh 005D,,5.193,10,0.033,10,0.039,9,4.985,9,-0.943,9,-0.887,9,18.792,6,17.987,6,,,,,,,,,,,,,,,,,,,,,4,-0.385,21792,7,1484,272,812,400,831
E01022648,Eastleigh 004A,,13.449,7,0.084,6,0.074,6,20.047,5,-0.5,8,0.043,5,5.872,10,25.573,4,,,,,,,,,,,,,,,,,,,,,3,0.046,14540,5,1211,177,642,392,685
E01022672,Eastleigh 004C,,13.491,7,0.097,6,0.093,5,13.909,6,-0.37,7,-0.406,7,18.231,6,10.063,8,,,,,,,,,,,,,,,,,,,,,9,0.164,12652,4,1588,290,905,393,932
E01022676,Eastleigh 002D,,7.757,9,0.037,9,0.038,9,8.259,8,-1.336,10,-0.364,7,29.61,3,16.369,6,,,,,,,,,,,,,,,,,,,,,7,0.476,8650,3,1564,245,867,452,894
E01022682,Eastleigh 008B,,4.33,10,0.032,10,0.029,10,8.242,8,-1.129,10,-0.898,9,22.268,5,4.552,10,,,,,,,,,,,,,,,,,,,,,9,-0.412,22213,7,1338,228,739,371,744
E01022683,Eastleigh 008C,,6.673,9,0.05,8,0.04,9,7.992,8,-0.655,8,-0.271,7,20.273,5,8.114,8,,,,,,,,,,,,,,,,,,,,,10,0.144,12960,4,1381,270,819,292,826
E01022687,Eastleigh 008G,,2.395,10,0.031,10,0.024,10,5.542,9,-1.465,10,-1.137,10,14.973,8,4.331,10,,,,,,,,,,,,,,,,,,,,,10,-0.293,20230,7,1716,344,1073,299,1074
E01022706,Eastleigh 001B,,2.265,10,0.013,10,0.027,10,0.625,10,-2.072,10,-1.096,10,19.68,6,6.426,9,,,,,,,,,,,,,,,,,,,,,10,-0.063,16332,5,1682,304,831,547,823
E01022708,Eastleigh 001D,,1.363,10,0.026,10,0.018,10,2.749,10,-2.054,10,-1.539,10,10.617,9,6.855,9,,,,,,,,,,,,,,,,,,,,,8,-0.348,21163,7,1834,385,942,507,958
E01023158,Test Valley 012A,,7.229,9,0.023,10,0.019,10,1.04,10,-1.892,10,-1.041,9,31.22,2,33.218,3,,,,,,,,,,,,,,,,,,,,,2,-0.214,18886,6,2270,379,1095,796,1128
E01023168,Test Valley 008B,,13.603,7,0.035,10,0.031,10,4.078,9,-0.99,9,-0.432,7,38.356,1,52.377,1,,,,,,,,,,,,,,,,,,,,,1,-0.224,19051,6,1490,195,719,576,742
E01023178,Test Valley 008C,,12.927,7,0.029,10,0.029,10,4.135,9,-1.56,10,-0.175,6,29.942,3,61.135,1,,,,,,,,,,,,,,,,,,,,,1,0.635,7094,3,2348,480,1252,616,1295
E01023184,Test Valley 009D,,13.666,7,0.031,10,0.026,10,5.399,9,-1.321,10,0.095,5,50.012,1,28.38,3,,,,,,,,,,,,,,,,,,,,,2,-0.385,21793,7,1372,226,766,380,772
E01023185,Test Valley 009E,,13.248,7,0.075,7,0.06,7,7.395,8,-0.641,8,-0.366,7,23.854,4,39.19,2,,,,,,,,,,,,,,,,,,,,,1,-0.632,25333,8,1250,231,623,396,641
E01023220,Winchester 012A,,4.787,10,0.032,10,0.025,10,6.766,8,-1.476,10,-1.276,10,25.883,4,10.79,8,,,,,,,,,,,,,,,,,,,,,7,-0.2,18662,6,2066,401,1187,478,1197
E01023221,Winchester 012B,,12.024,7,0.093,6,0.085,5,12.011,7,-0.625,8,-0.162,6,14.004,8,11.084,7,,,,,,,,,,,,,,,,,,,,,7,-0.308,20481,7,1699,274,824,601,836
E01023222,Winchester 012C,,5.601,10,0.034,10,0.032,10,0.712,10,-1.082,9,-0.085,6,23.352,4,14.636,6,,,,,,,,,,,,,,,,,,,,,5,-0.236,19267,6,1588,249,751,588,772
E01023223,Winchester 012D,,13.195,7,0.118,5,0.069,6,24.822,4,-0.522,8,-0.25,7,13.11,8,4.153,10,,,,,,,,,,,,,,,,,,,,,10,-0.342,21051,7,1534,298,804,432,819
E01023225,Winchester 004A,,14.21,7,0.038,9,0.026,10,4.36,9,-1.635,10,-0.348,7,44.353,1,48.367,1,,,,,,,,,,,,,,,,,,,,,1,0.159,12730,4,2309,456,1193,660,1170
E01023226,Winchester 010A,,2.769,10,0.04,9,0.029,10,0.913,10,-1.275,10,-1.215,10,6.238,10,15.911,6,,,,,,,,,,,,,,,,,,,,,6,0.045,14563,5,1661,378,823,460,837
E01023227,Winchester 010B,,7.963,9,0.067,7,0.055,7,7.003,8,-0.662,8,-0.602,8,16.519,7,13.82,7,,,,,,,,,,,,,,,,,,,,,8,0.402,9475,3,1922,376,1065,481,1083
E01023228,Winchester 010C,,1.92,10,0.021,10,0.028,10,0.977,10,-1.551,10,-0.684,8,9.145,9,9.692,8,,,,,,,,,,,,,,,,,,,,,10,0.308,10631,4,1994,374,975,645,1002
E01023229,Winchester 009A,,6.847,9,0.031,10,0.026,10,1.611,10,-1.393,10,-0.577,8,30.091,3,25.04,4,,,,,,,,,,,,,,,,,,,,,5,0.778,5811,2,2105,447,1086,572,1081
E01023230,Winchester 010D,,5.005,10,0.025,10,0.041,9,0.454,10,-1.821,10,-0.646,8,24.81,4,14.607,6,,,,,,,,,,,,,,,,,,,,,8,0.565,7729,3,2291,478,1152,661,1148
E01023231,Winchester 014B,,5.668,10,0.031,10,0.03,10,2.492,10,-1.364,10,-0.857,9,30.237,3,12.885,7,,,,,,,,,,,,,,,,,,,,,6,-0.302,20376,7,1729,274,927,528,947
E01023232,Winchester 014C,,11.09,8,0.093,6,0.056,7,11.948,7,-1.145,10,0.456,3,14.554,8,13.129,7,,,,,,,,,,,,,,,,,,,,,5,-0.509,23605,8,2312,418,1295,599,1307
E01023235,Winchester 011A,,11.993,7,0.053,8,0.047,8,4.575,9,-1.721,10,-0.157,6,23.203,4,50.712,1,,,,,,,,,,,,,,,,,,,,,1,0.438,9044,3,2100,348,1034,718,1075
E01023236,Winchester 002A,,16.244,6,0.03,10,0.02,10,4.877,9,-1.752,10,0.431,4,49.313,1,44.787,1,,,,,,,,,,,,,,,,,,,,,2,0.823,5467,2,1978,367,952,659,998
E01023237,Winchester 002B,,17.415,6,0.123,5,0.1,4,24.36,4,-0.267,7,-0.529,8,24.927,4,6.16,9,,,,,,,,,,,,,,,,,,,,,9,-0.179,18287,6,1396,287,789,320,805
E01023238,Winchester 002C,,2.742,10,0.022,10,0.026,10,1.857,10,-1.665,10,-0.912,9,20.801,5,5.785,9,,,,,,,,,,,,,,,,,,,,,9,-0.279,19963,7,1744,312,1080,352,1082
E01023239,Winchester 002D,,4.018,10,0.024,10,0.033,10,1.225,10,-1.354,10,-1.047,9,22.71,5,13.957,7,,,,,,,,,,,,,,,,,,,,,9,0.691,6565,2,1732,326,969,437,989
E01023240,Winchester 003A,,4.625,10,0.042,9,0.05,8,5.291,9,-1.369,10,-1.217,10,19.093,6,3.65,10,,,,,,,,,,,,,,,,,,,,,10,-0.489,23323,8,2258,452,1133,673,1129
E01023241,Winchester 003B,,7.187,9,0.051,8,0.043,9,0.846,10,-0.629,8,-1.816,10,32.957,2,4.535,10,,,,,,,,,,,,,,,,,,,,,9,-0.701,26185,8,1455,181,707,567,712
E01023242,Winchester 009B,,3.198,10,0.018,10,0.018,10,1.122,10,-1.619,10,-0.572,8,23.652,4,5.424,9,,,,,,,,,,,,,,,,,,,,,10,-0.16,17991,6,1213,223,710,280,721
E01023243,Winchester 009C,,3.816,10,0.031,10,0.018,10,4.833,9,-1.258,10,-0.707,9,18.891,6,12.643,7,,,,,,,,,,,,,,,,,,,,,6,-0.232,19191,6,1292,217,857,218,863
E01023244,Winchester 009D,,1.182,10,0.024,10,0.023,10,0.494,10,-1.25,10,-1.126,10,7.269,10,5.665,9,,,,,,,,,,,,,,,,,,,,,10,-0.209,18800,6,1542,240,699,603,713
E01023245,Winchester 013A,,10.885,8,0.05,8,0.042,9,5.458,9,-0.796,9,-0.338,7,35.959,2,25.009,4,,,,,,,,,,,,,,,,,,,,,5,0.881,4988,2,2434,356,1243,835,1264
E01023246,Winchester 010E,,9.73,8,0.043,9,0.032,10,3.323,9,-1.393,10,-1.106,10,27.991,3,45.152,1,,,,,,,,,,,,,,,,,,,,,1,0.169,12586,4,1554,277,826,451,848
E01023247,Winchester 005A,,2.917,10,0.045,9,0.035,9,0.429,10,-1.27,10,-0.875,9,10.202,9,8.338,8,,,,,,,,,,,,,,,,,,,,,10,0.117,13357,5,1562,302,728,532,741
E01023248,Winchester 003C,,1.649,10,0.015,10,0.017,10,0.323,10,-1.814,10,-1.57,10,18.647,6,4.65,10,,,,,,,,,,,,,,,,,,,,,10,-0.225,19074,6,1709,338,794,577,810
E01023249,Winchester 005B,,10.525,8,0.091,6,0.088,5,4.74,9,-0.599,8,-0.874,9,17.348,7,8.477,8,,,,,,,,,,,,,,,,,,,,,8,-0.311,20541,7,1258,227,672,359,679
E01023250,Winchester 005C,,15.026,6,0.109,5,0.095,5,19.278,5,-0.084,6,-0.43,7,11.139,9,12.448,7,,,,,,,,,,,,,,,,,,,,,7,0.04,14648,5,1769,388,938,443,942
E01023251,Winchester 006A,,22.231,4,0.161,3,0.101,4,5.653,9,0.192,5,1.013,2,18.647,6,21.76,5,,,,,,,,,,,,,,,,,,,,,4,0.107,13528,5,1291,155,729,407,733
E01023252,Winchester 007A,,13.883,7,0.086,6,0.084,5,2.044,10,-0.394,7,0.321,4,20.53,5,24.236,4,,,,,,,,,,,,,,,,,,,,,3,-0.241,19335,6,1911,192,1371,348,1395
E01023253,Winchester 003D,,9.099,8,0.06,8,0.055,8,1.685,10,-0.573,8,-0.663,8,32.173,2,6.989,9,,,,,,,,,,,,,,,,,,,,,9,-0.223,19043,6,1877,383,893,601,913
E01023254,Winchester 007B,,7.431,9,0.061,8,0.05,8,0.447,10,-1.11,10,-0.118,6,18.289,6,19.37,5,,,,,,,,,,,,,,,,,,,,,5,0.309,10622,4,1896,346,1169,381,1199
E01023255,Winchester 006B,,13.852,7,0.087,6,0.077,6,17.087,5,-0.485,8,-0.285,7,23.727,4,16.202,6,,,,,,,,,,,,,,,,,,,,,6,0.111,13478,5,1837,233,1308,296,1327
E01023256,Winchester 006C,,28.904,3,0.171,3,0.141,3,45.267,2,0.317,4,0.028,5,24.551,4,20.564,5,,,,,,,,,,,,,,,,,,,,,7,0.88,4999,2,1565,334,972,259,983
E01023257,Winchester 006D,,13.881,7,0.099,6,0.068,6,8.733,8,-0.313,7,0.354,4,20.41,5,18.601,5,,,,,,,,,,,,,,,,,,,,,5,0.271,11127,4,1544,249,942,353,956
E01023258,Winchester 006E,,19.821,5,0.092,6,0.083,5,36.804,2,-0.286,7,-0.094,6,31.82,2,20.047,5,,,,,,,,,,,,,,,,,,,,,8,1.119,3383,2,1760,389,1025,346,972
E01023259,Winchester 009E,,5.435,10,0.041,9,0.048,8,2.211,10,-0.974,9,-0.165,6,18.564,6,6.704,9,,,,,,,,,,,,,,,,,,,,,8,-0.488,23319,8,1589,290,881,418,870
E01023260,Winchester 008A,,26.24,4,0.138,4,0.083,5,61.643,1,0.226,4,-0.283,7,33.945,2,8.905,8,,,,,,,,,,,,,,,,,,,,,9,0.043,14599,5,1679,294,1209,176,1167
E01023261,Winchester 008B,,25.967,4,0.143,4,0.093,5,51.36,1,0.224,4,0.394,4,30.332,3,7.68,9,,,,,,,,,,,,,,,,,,,,,10,0.17,12575,4,1521,226,1023,272,1029
E01023262,Winchester 008C,,21.125,5,0.099,6,0.054,8,45.823,2,0.392,4,-0.232,7,36.78,1,7.696,9,,,,,,,,,,,,,,,,,,,,,10,0.088,13871,5,1503,256,1043,204,1051
E01023263,Winchester 007C,,7.214,9,0.06,8,0.054,8,1.047,10,-0.714,8,-0.986,9,26.961,3,3.641,10,,,,,,,,,,,,,,,,,,,,,9,-0.724,26506,9,1534,198,888,448,910
E01023264,Winchester 007D,,6.163,9,0.042,9,0.041,9,1.328,10,-1.255,10,0.324,4,14.484,8,16.544,6,,,,,,,,,,,,,,,,,,,,,4,-0.651,25564,8,2087,561,1125,401,949
E01023265,Winchester 007E,,6.066,9,0.058,8,0.048,8,0.435,10,-1.396,10,-0.572,8,20.654,5,12.648,7,,,,,,,,,,,,,,,,,,,,,6,-0.208,18786,6,1824,310,1018,496,1027
E01023266,Winchester 008D,,7.542,9,0.066,7,0.039,9,2.23,10,-0.987,9,-0.148,6,27.497,3,5.523,9,,,,,,,,,,,,,,,,,,,,,9,-0.306,20443,7,1930,297,1309,324,1296
E01023267,Winchester 007F,,8.198,9,0.052,8,0.059,7,0.415,10,-0.63,8,0.098,5,13.345,8,21.942,5,,,,,,,,,,,,,,,,,,,,,4,0.271,11119,4,1296,253,858,185,827
E01023268,Winchester 005D,,2.606,10,0.016,10,0.011,10,0.138,10,-1.712,10,-0.735,9,4.325,10,23.668,4,,,,,,,,,,,,,,,,,,,,,4,0.437,9056,3,1324,296,787,241,763
E01023269,Winchester 005E,,4.116,10,0.015,10,0.019,10,0.209,10,-2.038,10,-0.084,6,25.519,4,6.269,9,,,,,,,,,,,,,,,,,,,,,10,-0.074,16524,6,2247,358,1497,392,1483
E01023270,Winchester 005F,,3.977,10,0.022,10,0.033,10,4.322,9,-0.343,7,-0.589,8,12.316,8,8.146,8,,,,,,,,,,,,,,,,,,,,,7,-0.513,23678,8,1324,292,805,227,807
E01023271,Winchester 013B,,12.879,7,0.075,7,0.053,8,11.081,7,-0.895,9,-1.025,9,37.004,1,23.349,4,,,,,,,,,,,,,,,,,,,,,5,0.631,7133,3,1263,193,654,416,663
E01023272,Winchester 012E,,3.805,10,0.038,9,0.023,10,6.612,8,-1.376,10,-0.743,9,15.256,7,12.47,7,,,,,,,,,,,,,,,,,,,,,7,-0.031,15805,5,1240,207,700,333,694
E01023273,Winchester 012F,,4.177,10,0.039,9,0.029,10,2.415,10,-1.388,10,-0.926,9,18.565,6,17.067,6,,,,,,,,,,,,,,,,,,,,,4,-0.378,21681,7,1568,302,841,425,858
E01023274,Winchester 003E,,10.158,8,0.037,9,0.037,9,4.629,9,-1.381,10,-0.672,8,38.968,1,28.503,3,,,,,,,,,,,,,,,,,,,,,3,0.467,8734,3,1912,318,1079,515,989
E01023275,Winchester 011B,,7.327,9,0.055,8,0.036,9,4.837,9,-0.789,9,-0.176,6,21.245,5,18.284,6,,,,,,,,,,,,,,,,,,,,,5,-0.154,17884,6,1448,288,706,454,740
E01023276,Winchester 011C,,3.267,10,0.044,9,0.031,10,1.966,10,-1.703,10,-0.516,8,14.819,8,6.382,9,,,,,,,,,,,,,,,,,,,,,9,-0.344,21085,7,1591,293,831,467,843
E01023277,Winchester 011D,,13.703,7,0.032,10,0.031,10,3.198,9,-1.196,10,-0.517,8,38.872,1,55.125,1,,,,,,,,,,,,,,,,,,,,,1,0.314,10552,4,1242,161,654,427,685
E01023278,Winchester 004B,,4.804,10,0.054,8,0.051,8,5.347,9,-0.994,9,-1.264,10,13.945,8,2.737,10,,,,,,,,,,,,,,,,,,,,,10,-0.629,25299,8,1575,259,748,568,754
E01023279,Winchester 004C,,3.219,10,0.031,10,0.025,10,2.377,10,-1.46,10,-1.355,10,24.249,4,2.743,10,,,,,,,,,,,,,,,,,,,,,10,-0.565,24398,8,1499,258,763,478,782
E01023280,Winchester 004D,,9.951,8,0.054,8,0.04,9,7.758,8,-0.967,9,-0.899,9,34.305,2,23.206,4,,,,,,,,,,,,,,,,,,,,,3,-0.829,27748,9,1468,271,748,449,761
E01023281,Winchester 004E,,7.683,9,0.075,7,0.057,7,11.999,7,-1.013,9,-1.877,10,15.322,7,10.05,8,,,,,,,,,,,,,,,,,,,,,6,-1.11,30335,10,1804,273,808,723,792
E01023282,Winchester 011E,,11.555,7,0.047,9,0.028,10,2.396,10,-2.13,10,0.298,4,24.473,4,50.36,1,,,,,,,,,,,,,,,,,,,,,1,0.398,9523,3,1995,345,996,654,1042
E01023285,Winchester 013E,,20.24,5,0.122,5,0.098,4,35.922,2,-0.296,7,0.238,4,12.716,8,25.484,4,,,,,,,,,,,,,,,,,,,,,5,0.826,5432,2,1674,313,810,551,819
E01023286,Winchester 001A,,10.935,8,0.043,9,0.047,8,7.855,8,-0.93,9,-0.414,7,28.683,3,36.44,2,,,,,,,,,,,,,,,,,,,,,2,-0.081,16649,6,1485,290,783,412,806
E01023287,Winchester 001B,,2.15,10,0.017,10,0.02,10,2.835,10,-1.834,10,-1.877,10,20.716,5,3.259,10,,,,,,,,,,,,,,,,,,,,,10,-0.646,25497,8,2870,596,1586,688,1604
E01023288,Winchester 001C,,18.837,5,0.052,8,0.029,10,5.958,8,-1.294,10,0.043,5,47.741,1,61.079,1,,,,,,,,,,,,,,,,,,,,,1,0.81,5569,2,1508,298,843,367,857
E01034733,Winchester 014F,,,,,,,,,,,,,,,,,,,,,,,,,,,,,,,,,,,,,,,,,,,,,,
E01035438,Eastleigh 010F,,,,,,,,,,,,,,,,,,,,,,,,,,,,,,,,,,,,,,,,,,,,,,
E01035441,Eastleigh 010I,,,,,,,,,,,,,,,,,,,,,,,,,,,,,,,,,,,,,,,,,,,,,,